<WorkSpace><WorkSpaceName>Limburg in Cijfers - Presentaties</WorkSpaceName><LeftPaneWidth>480</LeftPaneWidth><RightPaneWidth>0</RightPaneWidth><Presentation>
  <Title>Gemiddeld inkomen per inwoner  - Limburg</Title>
  <OpenCategoryCode>c1767</OpenCategoryCode>
  <DataSelection>
    <Variables>
      <C>1203_gem_inwoner</C>
    </Variables>
    <VarCube />
    <Geo1>
      <Geo>
        <Level>provincie</Level>
        <Items>
          <C>provincie_70000</C>
        </Items>
      </Geo>
      <CompareIndividual>true</CompareIndividual>
      <CompareIndividualTotalize>false</CompareIndividualTotalize>
    </Geo1>
    <Periods>
      <Level>year</Level>
      <Items>
        <C>2005</C>
        <C>2006</C>
        <C>2007</C>
        <C>2008</C>
        <C>2009</C>
        <C>2010</C>
        <C>2011</C>
        <C>2012</C>
        <C>2013</C>
        <C>2014</C>
        <C>2015</C>
      </Items>
    </Periods>
    <PercentageDimensionTotalOption p3:nil="true" xmlns:p3="http://www.w3.org/2001/XMLSchema-instance" />
  </DataSelection>
  <ViewType>Table</ViewType>
  <ViewDimensions>
    <ViewDimension>
      <ID>dim_period</ID>
      <TableIndexVertical>0</TableIndexVertical>
    </ViewDimension>
    <ViewDimension>
      <ID>dim_variable</ID>
      <TableIndexHorizontal>0</TableIndexHorizontal>
    </ViewDimension>
  </ViewDimensions>
  <IgnorePreselectionSettings>true</IgnorePreselectionSettings>
  <IsPreselection>false</IsPreselection>
  <Layout>
    <PropertyDoc>
      <PropertySheet>
        <ID>default</ID>
        <PropertyGroup />
      </PropertySheet>
    </PropertyDoc>
  </Layout>
</Presentation><Presentation>
  <Title>Bevolkingsdichtheid 2017 - Gemeenten</Title>
  <DataSelection>
    <Variables>
      <C>vp1111a_bevdicht</C>
    </Variables>
    <VarCube />
    <Geo1>
      <Geo>
        <Level>gemeente</Level>
        <Items>
          <C>gemeente_73001</C>
          <C>gemeente_71002</C>
          <C>gemeente_71004</C>
          <C>gemeente_73006</C>
          <C>gemeente_72003</C>
          <C>gemeente_73009</C>
          <C>gemeente_72004</C>
          <C>gemeente_71011</C>
          <C>gemeente_72041</C>
          <C>gemeente_71016</C>
          <C>gemeente_71017</C>
          <C>gemeente_71020</C>
          <C>gemeente_71069</C>
          <C>gemeente_72037</C>
          <C>gemeente_71022</C>
          <C>gemeente_72038</C>
          <C>gemeente_73022</C>
          <C>gemeente_71024</C>
          <C>gemeente_73028</C>
          <C>gemeente_71070</C>
          <C>gemeente_73032</C>
          <C>gemeente_72039</C>
          <C>gemeente_72018</C>
          <C>gemeente_73040</C>
          <C>gemeente_73042</C>
          <C>gemeente_71034</C>
          <C>gemeente_72020</C>
          <C>gemeente_71037</C>
          <C>gemeente_72021</C>
          <C>gemeente_73107</C>
          <C>gemeente_72040</C>
          <C>gemeente_72025</C>
          <C>gemeente_71045</C>
          <C>gemeente_71047</C>
          <C>gemeente_72029</C>
          <C>gemeente_72030</C>
          <C>gemeente_73066</C>
          <C>gemeente_71053</C>
          <C>gemeente_71057</C>
          <C>gemeente_73083</C>
          <C>gemeente_73109</C>
          <C>gemeente_73098</C>
          <C>gemeente_71066</C>
          <C>gemeente_71067</C>
        </Items>
      </Geo>
      <CompareIndividual>true</CompareIndividual>
      <CompareIndividualTotalize>false</CompareIndividualTotalize>
    </Geo1>
    <Periods>
      <Level>year</Level>
      <Items />
    </Periods>
    <SpecialPeriodType>MostRecent</SpecialPeriodType>
    <SpecialPeriodTypeCount>1</SpecialPeriodTypeCount>
    <PercentageDimensionTotalOption p3:nil="true" xmlns:p3="http://www.w3.org/2001/XMLSchema-instance" />
  </DataSelection>
  <ViewType>Map</ViewType>
  <BoundingBox>
    <UpperLeft>
      <X>192237.688</X>
      <Y>222414.6</Y>
    </UpperLeft>
    <BottomRight>
      <X>259533.063</X>
      <Y>153485.313</Y>
    </BottomRight>
  </BoundingBox>
  <ViewDimensions>
    <ViewDimension>
      <ID>dim_geo</ID>
    </ViewDimension>
    <ViewDimension>
      <ID>dim_variable</ID>
    </ViewDimension>
  </ViewDimensions>
  <IgnorePreselectionSettings>true</IgnorePreselectionSettings>
  <IsPreselection>false</IsPreselection>
  <Layout>
    <PropertyDoc>
      <PropertySheet>
        <ID>default</ID>
        <PropertyGroup>
          <ZoomLevel>9</ZoomLevel>
          <ViewCenter>
            <X>0</X>
            <Y>0</Y>
          </ViewCenter>
          <SortDirection>None</SortDirection>
          <SortDimension>dim_geo</SortDimension>
          <SortOnItemIndex>0</SortOnItemIndex>
          <ShowNames>True</ShowNames>
        </PropertyGroup>
      </PropertySheet>
    </PropertyDoc>
  </Layout>
</Presentation><Presentation>
  <Title>Sterfte (per 1.000 inwoners)  - Provincies</Title>
  <DataSelection>
    <Variables>
      <C>pm1102_sterfte</C>
    </Variables>
    <VarCube />
    <Geo1>
      <Geo>
        <Level>provincie</Level>
        <Items />
      </Geo>
      <CompareIndividual>true</CompareIndividual>
      <CompareIndividualTotalize>false</CompareIndividualTotalize>
    </Geo1>
    <Periods>
      <Level>year</Level>
      <Items>
        <C>2000</C>
        <C>2001</C>
        <C>2002</C>
        <C>2003</C>
        <C>2004</C>
        <C>2005</C>
        <C>2006</C>
        <C>2007</C>
        <C>2008</C>
        <C>2009</C>
        <C>2010</C>
        <C>2011</C>
        <C>2012</C>
        <C>2013</C>
        <C>2014</C>
        <C>2015</C>
        <C>2016</C>
      </Items>
    </Periods>
    <PercentageDimensionTotalOption p3:nil="true" xmlns:p3="http://www.w3.org/2001/XMLSchema-instance" />
  </DataSelection>
  <ViewType>Line</ViewType>
  <ViewDimensions>
    <ViewDimension>
      <ID>dim_geo</ID>
    </ViewDimension>
    <ViewDimension>
      <ID>dim_period</ID>
    </ViewDimension>
    <ViewDimension>
      <ID>dim_variable</ID>
    </ViewDimension>
  </ViewDimensions>
  <IgnorePreselectionSettings>true</IgnorePreselectionSettings>
  <IsPreselection>false</IsPreselection>
  <Layout>
    <PropertyDoc>
      <PropertySheet>
        <ID>default</ID>
        <PropertyGroup>
          <ZoomLevel>9</ZoomLevel>
          <ViewCenter>
            <X>0</X>
            <Y>0</Y>
          </ViewCenter>
        </PropertyGroup>
      </PropertySheet>
    </PropertyDoc>
  </Layout>
</Presentation><Presentation>
  <Title>Bevolking naar leeftijd, geslacht, wachtregister 2017 - Heers</Title>
  <OpenCategoryCode>c1767</OpenCategoryCode>
  <DataSelection>
    <Variables>
      <C>kubus1111_lft_gesl_wr</C>
    </Variables>
    <VarCube>
      <LevelItems>
        <Level>geslacht</Level>
        <Items>
          <C>geslacht_man</C>
          <C>geslacht_vrouw</C>
        </Items>
      </LevelItems>
      <LevelItems>
        <Level>leeftijdsklasse_10</Level>
        <Items>
          <C>leeftijdsklasse_10_0_9</C>
          <C>leeftijdsklasse_10_10_19</C>
          <C>leeftijdsklasse_10_20_29</C>
          <C>leeftijdsklasse_10_30_39</C>
          <C>leeftijdsklasse_10_40_49</C>
          <C>leeftijdsklasse_10_50_59</C>
          <C>leeftijdsklasse_10_60_69</C>
          <C>leeftijdsklasse_10_70_79</C>
          <C>leeftijdsklasse_10_80_89</C>
          <C>leeftijdsklasse_10_90p</C>
        </Items>
      </LevelItems>
    </VarCube>
    <Geo1>
      <Geo>
        <Level>gemeente</Level>
        <Items>
          <C>gemeente_73022</C>
        </Items>
      </Geo>
      <CompareIndividual>true</CompareIndividual>
      <CompareIndividualTotalize>false</CompareIndividualTotalize>
    </Geo1>
    <Periods>
      <Level>year</Level>
      <Items />
    </Periods>
    <SpecialPeriodType>MostRecent</SpecialPeriodType>
    <SpecialPeriodTypeCount>1</SpecialPeriodTypeCount>
    <PercentageDimensionTotalOption p3:nil="true" xmlns:p3="http://www.w3.org/2001/XMLSchema-instance" />
  </DataSelection>
  <ViewType>BarMirrored</ViewType>
  <ViewDimensions>
    <ViewDimension>
      <ID>dim_geslacht</ID>
    </ViewDimension>
    <ViewDimension>
      <ID>dim_period</ID>
    </ViewDimension>
    <ViewDimension>
      <ID>dim_leeftijdsklasse_10</ID>
    </ViewDimension>
    <ViewDimension>
      <ID>dim_variable</ID>
    </ViewDimension>
  </ViewDimensions>
  <IgnorePreselectionSettings>true</IgnorePreselectionSettings>
  <IsPreselection>false</IsPreselection>
  <Layout>
    <PropertyDoc>
      <PropertySheet>
        <ID>default</ID>
        <PropertyGroup>
          <ShowData>True</ShowData>
          <BarOrColumn>Bar</BarOrColumn>
        </PropertyGroup>
      </PropertySheet>
    </PropertyDoc>
  </Layout>
</Presentation><Presentation>
  <UserTitle>Profielstaaf  - Heers</UserTitle>
  <Title>Profielstaaf  - Heers</Title>
  <OpenCategoryCode>cgdgfjca8khhicid</OpenCategoryCode>
  <DataSelection>
    <Variables>
      <C>vp1111a_80p</C>
      <C>pm1102_geboorte</C>
      <C>p1201_ksz_zelfstandige</C>
      <C>vp1116a_niet_belg_herk</C>
      <C>p3103_voorkeur</C>
      <C>vp2802_vh_ver_ongeval</C>
      <C>p1203_aangiften_min_20d</C>
    </Variables>
    <VarCube />
    <Geo1>
      <GeoCompareItems>
        <GeoCompareItem>
          <Items>
            <C>provincie_70000</C>
          </Items>
        </GeoCompareItem>
      </GeoCompareItems>
      <Geo>
        <Level>gemeente</Level>
        <Items>
          <C>gemeente_73022</C>
        </Items>
      </Geo>
      <CompareIndividual>true</CompareIndividual>
      <CompareIndividualTotalize>false</CompareIndividualTotalize>
    </Geo1>
    <Periods>
      <Level>year</Level>
      <Items />
    </Periods>
    <SpecialPeriodType>MostRecent</SpecialPeriodType>
    <SpecialPeriodTypeCount>1</SpecialPeriodTypeCount>
    <PercentageDimensionTotalOption p3:nil="true" xmlns:p3="http://www.w3.org/2001/XMLSchema-instance" />
  </DataSelection>
  <ViewType>ProfileBar</ViewType>
  <ViewDimensions>
    <ViewDimension>
      <ID>dim_geocompare</ID>
    </ViewDimension>
    <ViewDimension>
      <ID>dim_variable</ID>
    </ViewDimension>
    <ViewDimension>
      <ID>-</ID>
    </ViewDimension>
  </ViewDimensions>
  <IgnorePreselectionSettings>true</IgnorePreselectionSettings>
  <IsPreselection>false</IsPreselection>
  <Layout>
    <PropertyDoc>
      <PropertySheet>
        <ID>default</ID>
        <PropertyGroup>
          <FavoriteGeoItem />
          <Opacity>255</Opacity>
        </PropertyGroup>
      </PropertySheet>
    </PropertyDoc>
  </Layout>
</Presentation><Presentation>
  <UserTitle>% per streek</UserTitle>
  <Title>% per streek</Title>
  <OpenCategoryCode>c635809513794090522</OpenCategoryCode>
  <DataSelection>
    <Variables>
      <C>2501_verbruik_verwarming</C>
      <C>2501_verbruik_electriciteit</C>
      <C>1101_t</C>
    </Variables>
    <VarCube />
    <Geo1>
      <Geo>
        <Level>streek</Level>
        <Items>
          <C>streek_1</C>
          <C>streek_2</C>
          <C>streek_3</C>
          <C>streek_4</C>
          <C>streek_5</C>
        </Items>
      </Geo>
      <CompareIndividual>true</CompareIndividual>
      <CompareIndividualTotalize>false</CompareIndividualTotalize>
    </Geo1>
    <Periods>
      <Level>year</Level>
      <Items>
        <C>2014</C>
      </Items>
    </Periods>
    <PercentageDimension>dim_geo</PercentageDimension>
    <PercentageDimensionTotalOption p3:nil="true" xmlns:p3="http://www.w3.org/2001/XMLSchema-instance" />
  </DataSelection>
  <ViewType>Table</ViewType>
  <ViewDimensions>
    <ViewDimension>
      <ID>dim_geo</ID>
      <TableIndexVertical>0</TableIndexVertical>
    </ViewDimension>
    <ViewDimension>
      <ID>dim_variable</ID>
      <TableIndexHorizontal>0</TableIndexHorizontal>
    </ViewDimension>
  </ViewDimensions>
  <IgnorePreselectionSettings>true</IgnorePreselectionSettings>
  <IsPreselection>false</IsPreselection>
  <Layout>
    <PropertyDoc>
      <PropertySheet>
        <ID>default</ID>
        <PropertyGroup>
          <ZoomLevel>9</ZoomLevel>
          <ViewCenter>
            <X>0</X>
            <Y>0</Y>
          </ViewCenter>
          <Opacity>255</Opacity>
        </PropertyGroup>
      </PropertySheet>
    </PropertyDoc>
  </Layout>
</Presentation><Presentation>
  <Title>Bedrijven met landbouwproductie  - Gemeenten</Title>
  <OpenCategoryCode>cgdgfdjhjd8dajf</OpenCategoryCode>
  <DataSelection>
    <Variables>
      <C>2701_lb_lbexploi</C>
    </Variables>
    <VarCube />
    <Geo1>
      <Geo>
        <Level>gemeente</Level>
        <Items>
          <C>gemeente_73001</C>
          <C>gemeente_71002</C>
          <C>gemeente_71004</C>
          <C>gemeente_73006</C>
          <C>gemeente_72003</C>
          <C>gemeente_73009</C>
          <C>gemeente_72004</C>
          <C>gemeente_71011</C>
          <C>gemeente_72041</C>
          <C>gemeente_71016</C>
          <C>gemeente_71017</C>
          <C>gemeente_71020</C>
          <C>gemeente_71069</C>
          <C>gemeente_72037</C>
          <C>gemeente_71022</C>
          <C>gemeente_72038</C>
          <C>gemeente_73022</C>
          <C>gemeente_71024</C>
          <C>gemeente_73028</C>
          <C>gemeente_71070</C>
          <C>gemeente_73032</C>
          <C>gemeente_72039</C>
          <C>gemeente_72018</C>
          <C>gemeente_73040</C>
          <C>gemeente_73042</C>
          <C>gemeente_71034</C>
          <C>gemeente_72020</C>
          <C>gemeente_71037</C>
          <C>gemeente_72021</C>
          <C>gemeente_73107</C>
          <C>gemeente_72040</C>
          <C>gemeente_72025</C>
          <C>gemeente_71045</C>
          <C>gemeente_71047</C>
          <C>gemeente_72029</C>
          <C>gemeente_72030</C>
          <C>gemeente_73066</C>
          <C>gemeente_71053</C>
          <C>gemeente_71057</C>
          <C>gemeente_73083</C>
          <C>gemeente_73109</C>
          <C>gemeente_73098</C>
          <C>gemeente_71066</C>
          <C>gemeente_71067</C>
        </Items>
      </Geo>
      <CompareIndividual>true</CompareIndividual>
      <CompareIndividualTotalize>false</CompareIndividualTotalize>
    </Geo1>
    <Periods>
      <Level>year</Level>
      <Items>
        <C>2000</C>
        <C>2016</C>
      </Items>
    </Periods>
    <PercentageDimensionTotalOption p3:nil="true" xmlns:p3="http://www.w3.org/2001/XMLSchema-instance" />
  </DataSelection>
  <ViewType>Table</ViewType>
  <ViewDimensions>
    <ViewDimension>
      <ID>dim_geo</ID>
      <TableIndexVertical>0</TableIndexVertical>
    </ViewDimension>
    <ViewDimension>
      <ID>dim_period</ID>
      <TableIndexHorizontal>0</TableIndexHorizontal>
    </ViewDimension>
  </ViewDimensions>
  <IgnorePreselectionSettings>true</IgnorePreselectionSettings>
  <IsPreselection>false</IsPreselection>
  <Layout>
    <PropertyDoc>
      <PropertySheet>
        <ID>default</ID>
        <PropertyGroup />
      </PropertySheet>
    </PropertyDoc>
  </Layout>
</Presentation><Presentation>
  <Title>Verkeersongevallen met doden (t.o.v. aantal verkeersongevallen) 2016 - Gemeenten</Title>
  <OpenCategoryCode>cgdgfjca8nvier</OpenCategoryCode>
  <DataSelection>
    <Variables>
      <C>vp2802_vh_ver_do_aant</C>
    </Variables>
    <VarCube />
    <Geo1>
      <Geo>
        <Level>gemeente</Level>
        <Items>
          <C>gemeente_73001</C>
          <C>gemeente_71002</C>
          <C>gemeente_71004</C>
          <C>gemeente_73006</C>
          <C>gemeente_72003</C>
          <C>gemeente_73009</C>
          <C>gemeente_72004</C>
          <C>gemeente_71011</C>
          <C>gemeente_72041</C>
          <C>gemeente_71016</C>
          <C>gemeente_71017</C>
          <C>gemeente_71020</C>
          <C>gemeente_71069</C>
          <C>gemeente_72037</C>
          <C>gemeente_71022</C>
          <C>gemeente_72038</C>
          <C>gemeente_73022</C>
          <C>gemeente_71024</C>
          <C>gemeente_73028</C>
          <C>gemeente_71070</C>
          <C>gemeente_73032</C>
          <C>gemeente_72039</C>
          <C>gemeente_72018</C>
          <C>gemeente_73040</C>
          <C>gemeente_73042</C>
          <C>gemeente_71034</C>
          <C>gemeente_72020</C>
          <C>gemeente_71037</C>
          <C>gemeente_72021</C>
          <C>gemeente_73107</C>
          <C>gemeente_72040</C>
          <C>gemeente_72025</C>
          <C>gemeente_71045</C>
          <C>gemeente_71047</C>
          <C>gemeente_72029</C>
          <C>gemeente_72030</C>
          <C>gemeente_73066</C>
          <C>gemeente_71053</C>
          <C>gemeente_71057</C>
          <C>gemeente_73083</C>
          <C>gemeente_73109</C>
          <C>gemeente_73098</C>
          <C>gemeente_71066</C>
          <C>gemeente_71067</C>
        </Items>
      </Geo>
      <CompareIndividual>true</CompareIndividual>
      <CompareIndividualTotalize>false</CompareIndividualTotalize>
    </Geo1>
    <Periods>
      <Level>year</Level>
      <Items />
    </Periods>
    <SpecialPeriodType>MostRecent</SpecialPeriodType>
    <SpecialPeriodTypeCount>1</SpecialPeriodTypeCount>
    <PercentageDimensionTotalOption p3:nil="true" xmlns:p3="http://www.w3.org/2001/XMLSchema-instance" />
  </DataSelection>
  <ViewType>Map</ViewType>
  <BoundingBox>
    <UpperLeft>
      <X>192237.688</X>
      <Y>222414.6</Y>
    </UpperLeft>
    <BottomRight>
      <X>259533.063</X>
      <Y>153485.313</Y>
    </BottomRight>
  </BoundingBox>
  <ViewDimensions>
    <ViewDimension>
      <ID>dim_geo</ID>
    </ViewDimension>
    <ViewDimension>
      <ID>dim_variable</ID>
    </ViewDimension>
  </ViewDimensions>
  <IgnorePreselectionSettings>true</IgnorePreselectionSettings>
  <IsPreselection>false</IsPreselection>
  <Layout>
    <PropertyDoc>
      <PropertySheet>
        <ID>default</ID>
        <PropertyGroup />
      </PropertySheet>
    </PropertyDoc>
  </Layout>
</Presentation><Presentation>
  <Title>Verkeersongevallen met doden (t.o.v. aantal verkeersongevallen) 2016 z-scores - Gemeenten</Title>
  <OpenCategoryCode>cgdgfjca8nvier</OpenCategoryCode>
  <DataSelection>
    <Variables>
      <C>vp2802_vh_ver_do_aant</C>
    </Variables>
    <VarCube />
    <Geo1>
      <GeoCompareItems>
        <GeoCompareItem>
          <Items>
            <C>provincie_70000</C>
          </Items>
        </GeoCompareItem>
      </GeoCompareItems>
      <Geo>
        <Level>gemeente</Level>
        <Items>
          <C>gemeente_73001</C>
          <C>gemeente_71002</C>
          <C>gemeente_71004</C>
          <C>gemeente_73006</C>
          <C>gemeente_72003</C>
          <C>gemeente_73009</C>
          <C>gemeente_72004</C>
          <C>gemeente_71011</C>
          <C>gemeente_72041</C>
          <C>gemeente_71016</C>
          <C>gemeente_71017</C>
          <C>gemeente_71020</C>
          <C>gemeente_71069</C>
          <C>gemeente_72037</C>
          <C>gemeente_71022</C>
          <C>gemeente_72038</C>
          <C>gemeente_73022</C>
          <C>gemeente_71024</C>
          <C>gemeente_73028</C>
          <C>gemeente_71070</C>
          <C>gemeente_73032</C>
          <C>gemeente_72039</C>
          <C>gemeente_72018</C>
          <C>gemeente_73040</C>
          <C>gemeente_73042</C>
          <C>gemeente_71034</C>
          <C>gemeente_72020</C>
          <C>gemeente_71037</C>
          <C>gemeente_72021</C>
          <C>gemeente_73107</C>
          <C>gemeente_72040</C>
          <C>gemeente_72025</C>
          <C>gemeente_71045</C>
          <C>gemeente_71047</C>
          <C>gemeente_72029</C>
          <C>gemeente_72030</C>
          <C>gemeente_73066</C>
          <C>gemeente_71053</C>
          <C>gemeente_71057</C>
          <C>gemeente_73083</C>
          <C>gemeente_73109</C>
          <C>gemeente_73098</C>
          <C>gemeente_71066</C>
          <C>gemeente_71067</C>
        </Items>
      </Geo>
      <CompareIndividual>true</CompareIndividual>
      <CompareIndividualTotalize>false</CompareIndividualTotalize>
    </Geo1>
    <Periods>
      <Level>year</Level>
      <Items />
    </Periods>
    <SpecialPeriodType>MostRecent</SpecialPeriodType>
    <SpecialPeriodTypeCount>1</SpecialPeriodTypeCount>
    <ZScoreType>ZScoreParent</ZScoreType>
    <PercentageDimensionTotalOption p3:nil="true" xmlns:p3="http://www.w3.org/2001/XMLSchema-instance" />
  </DataSelection>
  <ViewType>Map</ViewType>
  <BoundingBox>
    <UpperLeft>
      <X>192237.688</X>
      <Y>222414.6</Y>
    </UpperLeft>
    <BottomRight>
      <X>259533.063</X>
      <Y>153485.313</Y>
    </BottomRight>
  </BoundingBox>
  <ViewDimensions>
    <ViewDimension>
      <ID>dim_geocompare</ID>
    </ViewDimension>
    <ViewDimension>
      <ID>dim_variable</ID>
    </ViewDimension>
  </ViewDimensions>
  <IgnorePreselectionSettings>true</IgnorePreselectionSettings>
  <IsPreselection>false</IsPreselection>
  <Layout>
    <PropertyDoc>
      <PropertySheet>
        <ID>default</ID>
        <PropertyGroup />
      </PropertySheet>
    </PropertyDoc>
  </Layout>
</Presentation><Presentation>
  <Title>Gebruik Limburgs fietsroutenetwerk  - Beringen</Title>
  <OpenCategoryCode>c2147</OpenCategoryCode>
  <DataSelection>
    <Variables>
      <C>2606_fietsroutenetwerk</C>
    </Variables>
    <VarCube />
    <Geo1>
      <Geo>
        <Level>gemeente</Level>
        <Items>
          <C>gemeente_71004</C>
        </Items>
      </Geo>
      <CompareIndividual>true</CompareIndividual>
      <CompareIndividualTotalize>false</CompareIndividualTotalize>
    </Geo1>
    <Periods>
      <Level>month</Level>
      <Items>
        <C>m1y2015</C>
        <C>m2y2015</C>
        <C>m3y2015</C>
        <C>m4y2015</C>
        <C>m5y2015</C>
        <C>m6y2015</C>
        <C>m7y2015</C>
        <C>m8y2015</C>
        <C>m9y2015</C>
        <C>m10y2015</C>
        <C>m11y2015</C>
        <C>m12y2015</C>
        <C>m1y2016</C>
        <C>m2y2016</C>
        <C>m3y2016</C>
        <C>m4y2016</C>
        <C>m5y2016</C>
        <C>m6y2016</C>
        <C>m7y2016</C>
        <C>m8y2016</C>
        <C>m9y2016</C>
        <C>m10y2016</C>
        <C>m11y2016</C>
        <C>m12y2016</C>
        <C>m1y2017</C>
        <C>m2y2017</C>
        <C>m3y2017</C>
        <C>m4y2017</C>
        <C>m5y2017</C>
        <C>m6y2017</C>
        <C>m7y2017</C>
        <C>m8y2017</C>
      </Items>
    </Periods>
    <PercentageDimensionTotalOption p3:nil="true" xmlns:p3="http://www.w3.org/2001/XMLSchema-instance" />
  </DataSelection>
  <ViewType>Line</ViewType>
  <ViewDimensions>
    <ViewDimension>
      <ID>dim_geo</ID>
    </ViewDimension>
    <ViewDimension>
      <ID>dim_period</ID>
    </ViewDimension>
    <ViewDimension>
      <ID>dim_variable</ID>
    </ViewDimension>
  </ViewDimensions>
  <IgnorePreselectionSettings>true</IgnorePreselectionSettings>
  <IsPreselection>false</IsPreselection>
  <Layout>
    <PropertyDoc>
      <PropertySheet>
        <ID>default</ID>
        <PropertyGroup />
      </PropertySheet>
    </PropertyDoc>
  </Layout>
</Presentation><Presentation>
  <UserTitle>NIEUWE GEBIEDSGROEP - Pelt</UserTitle>
  <Title>NIEUWE GEBIEDSGROEP - Pelt</Title>
  <DataSelection>
    <Variables>
      <C>v1111a_dc_intverg</C>
      <C>1201_ksz_loontrekkend</C>
      <C>1201_ksz_zelfstandige</C>
      <C>1201_ksz_pensioen</C>
      <C>p1201_ksz_loontrekkend</C>
      <C>p1201_ksz_zelfstandige</C>
      <C>p1201_ksz_pensioen</C>
      <C>2201_woning_totaal</C>
      <C>p2201_won_geslot</C>
      <C>p2201_won_half</C>
      <C>p2201_won_open</C>
      <C>2203_woon_gemprijs</C>
      <C>2203_villa_gemprijs</C>
      <C>2203_app_gemprijs</C>
      <C>2701_lb_lbexploi_ha</C>
      <C>2701_lb_lbexploi</C>
    </Variables>
    <VarCube />
    <Geo1>
      <GeoCompareItems>
        <GeoCompareItem>
          <Code>9081fb08-59cb-4365-bc0a-c2a8fb8c333d</Code>
          <Name>PELT</Name>
          <Items>
            <C>gemeente_72029</C>
            <C>gemeente_72025</C>
          </Items>
        </GeoCompareItem>
      </GeoCompareItems>
      <Geo>
        <Level>gemeente</Level>
        <Items>
          <C>gemeente_72025</C>
          <C>gemeente_72029</C>
        </Items>
      </Geo>
      <CompareIndividual>true</CompareIndividual>
      <CompareIndividualTotalize>false</CompareIndividualTotalize>
    </Geo1>
    <Periods>
      <Level>year</Level>
      <Items />
    </Periods>
    <SpecialPeriodType>MostRecent</SpecialPeriodType>
    <SpecialPeriodTypeCount>1</SpecialPeriodTypeCount>
    <PercentageDimensionTotalOption p3:nil="true" xmlns:p3="http://www.w3.org/2001/XMLSchema-instance" />
  </DataSelection>
  <ViewType>Table</ViewType>
  <ViewDimensions>
    <ViewDimension>
      <ID>dim_variable</ID>
      <TableIndexVertical>0</TableIndexVertical>
    </ViewDimension>
    <ViewDimension>
      <ID>dim_geocompare</ID>
      <TableIndexHorizontal>0</TableIndexHorizontal>
    </ViewDimension>
  </ViewDimensions>
  <IgnorePreselectionSettings>true</IgnorePreselectionSettings>
  <IsPreselection>false</IsPreselection>
  <Layout>
    <PropertyDoc>
      <PropertySheet>
        <ID>default</ID>
        <PropertyGroup>
          <ZoomLevel>9</ZoomLevel>
          <ViewCenter>
            <X>0</X>
            <Y>0</Y>
          </ViewCenter>
          <Opacity>255</Opacity>
        </PropertyGroup>
      </PropertySheet>
    </PropertyDoc>
  </Layout>
</Presentation><Presentation>
  <UserTitle>METADATA</UserTitle>
  <Title>METADATA</Title>
  <OpenCategoryCode>cgd8wgfjajhjage</OpenCategoryCode>
  <DataSelection>
    <Variables>
      <C>v2801_vh_totcrim</C>
      <C>1102_totsal</C>
      <C>2501_verbruik_epeil</C>
      <C>1201_ksz_kinderbijslag</C>
    </Variables>
    <VarCube />
    <Geo1>
      <Geo>
        <Level>gemeente</Level>
        <Items>
          <C>gemeente_73001</C>
          <C>gemeente_71002</C>
          <C>gemeente_71004</C>
          <C>gemeente_73006</C>
          <C>gemeente_72003</C>
          <C>gemeente_73009</C>
          <C>gemeente_72004</C>
          <C>gemeente_71011</C>
          <C>gemeente_72041</C>
          <C>gemeente_71016</C>
          <C>gemeente_71017</C>
          <C>gemeente_71020</C>
          <C>gemeente_71069</C>
          <C>gemeente_72037</C>
          <C>gemeente_71022</C>
          <C>gemeente_72038</C>
          <C>gemeente_73022</C>
          <C>gemeente_71024</C>
          <C>gemeente_73028</C>
          <C>gemeente_71070</C>
          <C>gemeente_73032</C>
          <C>gemeente_72039</C>
          <C>gemeente_72018</C>
          <C>gemeente_73040</C>
          <C>gemeente_73042</C>
          <C>gemeente_71034</C>
          <C>gemeente_72020</C>
          <C>gemeente_71037</C>
          <C>gemeente_72021</C>
          <C>gemeente_73107</C>
          <C>gemeente_72040</C>
          <C>gemeente_72025</C>
          <C>gemeente_71045</C>
          <C>gemeente_71047</C>
          <C>gemeente_72029</C>
          <C>gemeente_72030</C>
          <C>gemeente_73066</C>
          <C>gemeente_71053</C>
          <C>gemeente_71057</C>
          <C>gemeente_73083</C>
          <C>gemeente_73109</C>
          <C>gemeente_73098</C>
          <C>gemeente_71066</C>
          <C>gemeente_71067</C>
        </Items>
      </Geo>
      <CompareIndividual>true</CompareIndividual>
      <CompareIndividualTotalize>false</CompareIndividualTotalize>
    </Geo1>
    <Periods>
      <Level>year</Level>
      <Items />
    </Periods>
    <SpecialPeriodType>MostRecent</SpecialPeriodType>
    <SpecialPeriodTypeCount>1</SpecialPeriodTypeCount>
    <PercentageDimensionTotalOption p3:nil="true" xmlns:p3="http://www.w3.org/2001/XMLSchema-instance" />
  </DataSelection>
  <ViewType>Table</ViewType>
  <ViewDimensions>
    <ViewDimension>
      <ID>dim_geo</ID>
      <TableIndexVertical>0</TableIndexVertical>
    </ViewDimension>
    <ViewDimension>
      <ID>dim_variable</ID>
      <TableIndexHorizontal>0</TableIndexHorizontal>
    </ViewDimension>
  </ViewDimensions>
  <IgnorePreselectionSettings>true</IgnorePreselectionSettings>
  <IsPreselection>false</IsPreselection>
  <Layout>
    <PropertyDoc>
      <PropertySheet>
        <ID>default</ID>
        <PropertyGroup>
          <Opacity>255</Opacity>
        </PropertyGroup>
      </PropertySheet>
    </PropertyDoc>
  </Layout>
</Presentation><WorkspaceGeoItemGroup>
  <GeoItemGroupCode>9081fb08-59cb-4365-bc0a-c2a8fb8c333d</GeoItemGroupCode>
  <DeletedFlag>false</DeletedFlag>
  <SavedFlag>true</SavedFlag>
  <Name>PELT</Name>
  <Description />
  <GeoLevel>gemeente</GeoLevel>
  <GeoItems>
    <string>gemeente_72029</string>
    <string>gemeente_72025</string>
  </GeoItems>
</WorkspaceGeoItemGroup><WorkspaceGeoItemGroup>
  <GeoItemGroupCode>854922e8-f5c9-48ad-b0e7-56b6704bd050</GeoItemGroupCode>
  <DeletedFlag>false</DeletedFlag>
  <SavedFlag>true</SavedFlag>
  <Name>OUDSBERGEN</Name>
  <Description />
  <GeoLevel>gemeente</GeoLevel>
  <GeoItems>
    <string>gemeente_72040</string>
    <string>gemeente_71047</string>
  </GeoItems>
</WorkspaceGeoItemGroup></WorkSpace>